,method,dataset,missing_schema,accuracy,balanced_accuracy,f1_score,roc_auc,missing_rate,fold,n_neighbors
0,Oracle,Employee,MCAR,0.9856334349151067,0.5,0.9927647445735585,0.6637636672972362,0.1,0,
1,Naive,Employee,MCAR,0.9856334349151067,0.5,0.9927647445735585,0.6645414688700908,0.1,0,
2,KNN_hard,Employee,MCAR,0.9856334349151067,0.5,0.9927647445735585,0.6656360424028268,0.1,0,5.0
3,KNN_proba,Employee,MCAR,0.9856334349151067,0.5,0.9927647445735585,0.6653861940964414,0.1,0,5.0
4,EM,Employee,MCAR,0.9856334349151067,0.5,0.9927647445735585,0.6636893076822405,0.1,0,
5,Oracle,Employee,MCAR,0.9856334349151067,0.5,0.9927647445735585,0.6833871696945901,0.1,1,
6,Naive,Employee,MCAR,0.9856334349151067,0.5,0.9927647445735585,0.688648856051683,0.1,1,
7,KNN_hard,Employee,MCAR,0.9856334349151067,0.5,0.9927647445735585,0.6937499256403851,0.1,1,5.0
8,KNN_proba,Employee,MCAR,0.9856334349151067,0.5,0.9927647445735585,0.690992671116346,0.1,1,5.0
9,EM,Employee,MCAR,0.9856334349151067,0.5,0.9927647445735585,0.6872598184435641,0.1,1,
10,Oracle,Employee,MCAR,0.9857764876632801,0.5,0.992837304487648,0.7017229153145357,0.1,2,
11,Naive,Employee,MCAR,0.9857764876632801,0.5,0.992837304487648,0.7007388644503737,0.1,2,
12,KNN_hard,Employee,MCAR,0.9857764876632801,0.5,0.992837304487648,0.7009597125069109,0.1,2,5.0
13,KNN_proba,Employee,MCAR,0.9857764876632801,0.5,0.992837304487648,0.7002731304535948,0.1,2,5.0
14,EM,Employee,MCAR,0.9857764876632801,0.5,0.992837304487648,0.7010228119516357,0.1,2,
15,Oracle,Employee,MCAR,0.9856313497822932,0.5,0.9927636868649953,0.6810945562234032,0.1,3,
16,Naive,Employee,MCAR,0.9856313497822932,0.5,0.9927636868649953,0.6820316253389438,0.1,3,
17,KNN_hard,Employee,MCAR,0.9856313497822932,0.5,0.9927636868649953,0.6821937531700453,0.1,3,5.0
18,KNN_proba,Employee,MCAR,0.9856313497822932,0.5,0.9927636868649953,0.6806884929400023,0.1,3,5.0
19,EM,Employee,MCAR,0.9856313497822932,0.5,0.9927636868649953,0.6816210998216593,0.1,3,
20,Oracle,Employee,MCAR,0.9856313497822932,0.5,0.9927636868649953,0.7003714066002388,0.1,4,
21,Naive,Employee,MCAR,0.9856313497822932,0.5,0.9927636868649953,0.6975066524470146,0.1,4,
22,KNN_hard,Employee,MCAR,0.9856313497822932,0.5,0.9927636868649953,0.6966439538961995,0.1,4,5.0
23,KNN_proba,Employee,MCAR,0.9856313497822932,0.5,0.9927636868649953,0.6976390320522259,0.1,4,5.0
24,EM,Employee,MCAR,0.9856313497822932,0.5,0.9927636868649953,0.6974412063500562,0.1,4,
25,Oracle,Employee,MAR1,0.9856334349151067,0.5,0.9927647445735585,0.6637636672972362,0.1,0,
26,Naive,Employee,MAR1,0.9856334349151067,0.5,0.9927647445735585,0.6607074871209146,0.1,0,
27,KNN_hard,Employee,MAR1,0.9856334349151067,0.5,0.9927647445735585,0.6500458055228373,0.1,0,5.0
28,KNN_proba,Employee,MAR1,0.9856334349151067,0.5,0.9927647445735585,0.6561447811447811,0.1,0,5.0
29,EM,Employee,MAR1,0.9856334349151067,0.5,0.9927647445735585,0.6607134358901143,0.1,0,
30,Oracle,Employee,MAR1,0.9856334349151067,0.5,0.9927647445735585,0.6833871696945901,0.1,1,
31,Naive,Employee,MAR1,0.9856334349151067,0.5,0.9927647445735585,0.6836875825391727,0.1,1,
32,KNN_hard,Employee,MAR1,0.9856334349151067,0.5,0.9927647445735585,0.6703831602241497,0.1,1,5.0
33,KNN_proba,Employee,MAR1,0.9856334349151067,0.5,0.9927647445735585,0.6790133371405456,0.1,1,5.0
34,EM,Employee,MAR1,0.9856334349151067,0.5,0.9927647445735585,0.6826301888139343,0.1,1,
35,Oracle,Employee,MAR1,0.9857764876632801,0.5,0.992837304487648,0.7017229153145357,0.1,2,
36,Naive,Employee,MAR1,0.9857764876632801,0.5,0.992837304487648,0.6996451407418091,0.1,2,
37,KNN_hard,Employee,MAR1,0.9857764876632801,0.5,0.992837304487648,0.6948480805749863,0.1,2,5.0
38,KNN_proba,Employee,MAR1,0.9857764876632801,0.5,0.992837304487648,0.7000387610874739,0.1,2,5.0
39,EM,Employee,MAR1,0.9857764876632801,0.5,0.992837304487648,0.7001529410350713,0.1,2,
40,Oracle,Employee,MAR1,0.9856313497822932,0.5,0.9927636868649953,0.6810945562234032,0.1,3,
41,Naive,Employee,MAR1,0.9856313497822932,0.5,0.9927636868649953,0.6865221200370664,0.1,3,
42,KNN_hard,Employee,MAR1,0.9856313497822932,0.5,0.9927636868649953,0.6784648130547114,0.1,3,5.0
43,KNN_proba,Employee,MAR1,0.9856313497822932,0.5,0.9927636868649953,0.6835904323755893,0.1,3,5.0
44,EM,Employee,MAR1,0.9856313497822932,0.5,0.9927636868649953,0.6865801290775521,0.1,3,
45,Oracle,Employee,MAR1,0.9856313497822932,0.5,0.9927636868649953,0.7003714066002388,0.1,4,
46,Naive,Employee,MAR1,0.9856313497822932,0.5,0.9927636868649953,0.699568204501204,0.1,4,
47,KNN_hard,Employee,MAR1,0.9856313497822932,0.5,0.9927636868649953,0.6947802275441799,0.1,4,5.0
48,KNN_proba,Employee,MAR1,0.9856313497822932,0.5,0.9927636868649953,0.6976672928668216,0.1,4,5.0
49,EM,Employee,MAR1,0.9856313497822932,0.5,0.9927636868649953,0.6996024149609776,0.1,4,
50,Oracle,Employee,MAR2,0.9856334349151067,0.5,0.9927647445735585,0.6637636672972362,0.1,0,
51,Naive,Employee,MAR2,0.9856334349151067,0.5,0.9927647445735585,0.6607045127363148,0.1,0,
52,KNN_hard,Employee,MAR2,0.9856334349151067,0.5,0.9927647445735585,0.6558175988388002,0.1,0,5.0
53,KNN_proba,Employee,MAR2,0.9856334349151067,0.5,0.9927647445735585,0.6598285564716659,0.1,0,5.0
54,EM,Employee,MAR2,0.9856334349151067,0.5,0.9927647445735585,0.6599668653555579,0.1,0,
55,Oracle,Employee,MAR2,0.9856334349151067,0.5,0.9927647445735585,0.6833871696945901,0.1,1,
56,Naive,Employee,MAR2,0.9856334349151067,0.5,0.9927647445735585,0.6728236427883071,0.1,1,
57,KNN_hard,Employee,MAR2,0.9856334349151067,0.5,0.9927647445735585,0.662087601575234,0.1,1,5.0
58,KNN_proba,Employee,MAR2,0.9856334349151067,0.5,0.9927647445735585,0.6680274476210872,0.1,1,5.0
59,EM,Employee,MAR2,0.9856334349151067,0.5,0.9927647445735585,0.6708947543753198,0.1,1,
60,Oracle,Employee,MAR2,0.9857764876632801,0.5,0.992837304487648,0.7017229153145357,0.1,2,
61,Naive,Employee,MAR2,0.9857764876632801,0.5,0.992837304487648,0.7019242325905627,0.1,2,
62,KNN_hard,Employee,MAR2,0.9857764876632801,0.5,0.992837304487648,0.7023869618518785,0.1,2,5.0
63,KNN_proba,Employee,MAR2,0.9857764876632801,0.5,0.992837304487648,0.7019963462416768,0.1,2,5.0
64,EM,Employee,MAR2,0.9857764876632801,0.5,0.992837304487648,0.7019948438739453,0.1,2,
65,Oracle,Employee,MAR2,0.9856313497822932,0.5,0.9927636868649953,0.6810945562234032,0.1,3,
66,Naive,Employee,MAR2,0.9856313497822932,0.5,0.9927636868649953,0.6817802528301719,0.1,3,
67,KNN_hard,Employee,MAR2,0.9856313497822932,0.5,0.9927636868649953,0.6816389487571934,0.1,3,5.0
68,KNN_proba,Employee,MAR2,0.9856313497822932,0.5,0.9927636868649953,0.6801277388819724,0.1,3,5.0
69,EM,Employee,MAR2,0.9856313497822932,0.5,0.9927636868649953,0.681140665973533,0.1,3,
70,Oracle,Employee,MAR2,0.9856313497822932,0.5,0.9927636868649953,0.7003714066002388,0.1,4,
71,Naive,Employee,MAR2,0.9856313497822932,0.5,0.9927636868649953,0.6997779294937299,0.1,4,
72,KNN_hard,Employee,MAR2,0.9856313497822932,0.5,0.9927636868649953,0.698396124401131,0.1,4,5.0
73,KNN_proba,Employee,MAR2,0.9856313497822932,0.5,0.9927636868649953,0.7000471509380359,0.1,4,5.0
74,EM,Employee,MAR2,0.9856313497822932,0.5,0.9927636868649953,0.6997080211628879,0.1,4,
75,Oracle,Employee,MNAR,0.9856334349151067,0.5,0.9927647445735585,0.6637636672972362,0.1,0,
76,Naive,Employee,MNAR,0.9856334349151067,0.5,0.9927647445735585,0.6711282435664061,0.1,0,
77,KNN_hard,Employee,MNAR,0.9856334349151067,0.5,0.9927647445735585,0.665374296558042,0.1,0,5.0
78,KNN_proba,Employee,MNAR,0.9856334349151067,0.5,0.9927647445735585,0.6674117500089232,0.1,0,5.0
79,EM,Employee,MNAR,0.9856334349151067,0.5,0.9927647445735585,0.6692380221532165,0.1,0,
80,Oracle,Employee,MNAR,0.9856334349151067,0.5,0.9927647445735585,0.6833871696945901,0.1,1,
81,Naive,Employee,MNAR,0.9856334349151067,0.5,0.9927647445735585,0.6736059059380615,0.1,1,
82,KNN_hard,Employee,MNAR,0.9856334349151067,0.5,0.9927647445735585,0.6688885319627369,0.1,1,5.0
83,KNN_proba,Employee,MNAR,0.9856334349151067,0.5,0.9927647445735585,0.6693287408835111,0.1,1,5.0
84,EM,Employee,MNAR,0.9856334349151067,0.5,0.9927647445735585,0.6719283530237594,0.1,1,
85,Oracle,Employee,MNAR,0.9857764876632801,0.5,0.992837304487648,0.7017229153145357,0.1,2,
86,Naive,Employee,MNAR,0.9857764876632801,0.5,0.992837304487648,0.7010153001129782,0.1,2,
87,KNN_hard,Employee,MNAR,0.9857764876632801,0.5,0.992837304487648,0.7020309006995024,0.1,2,5.0
88,KNN_proba,Employee,MNAR,0.9857764876632801,0.5,0.992837304487648,0.7015907069541598,0.1,2,5.0
89,EM,Employee,MNAR,0.9857764876632801,0.5,0.992837304487648,0.7016177495733276,0.1,2,
90,Oracle,Employee,MNAR,0.9856313497822932,0.5,0.9927636868649953,0.6810945562234032,0.1,3,
91,Naive,Employee,MNAR,0.9856313497822932,0.5,0.9927636868649953,0.6828452393170402,0.1,3,
92,KNN_hard,Employee,MNAR,0.9856313497822932,0.5,0.9927636868649953,0.6818784219756094,0.1,3,5.0
93,KNN_proba,Employee,MNAR,0.9856313497822932,0.5,0.9927636868649953,0.6842329940548171,0.1,3,5.0
94,EM,Employee,MNAR,0.9856313497822932,0.5,0.9927636868649953,0.6829791063335461,0.1,3,
95,Oracle,Employee,MNAR,0.9856313497822932,0.5,0.9927636868649953,0.7003714066002388,0.1,4,
96,Naive,Employee,MNAR,0.9856313497822932,0.5,0.9927636868649953,0.6994447493637599,0.1,4,
97,KNN_hard,Employee,MNAR,0.9856313497822932,0.5,0.9927636868649953,0.6986861696035602,0.1,4,5.0
98,KNN_proba,Employee,MNAR,0.9856313497822932,0.5,0.9927636868649953,0.6980748435615171,0.1,4,5.0
99,EM,Employee,MNAR,0.9856313497822932,0.5,0.9927636868649953,0.6994328500734037,0.1,4,
100,Oracle,Employee,MCAR,0.9856334349151067,0.5,0.9927647445735585,0.6637636672972362,0.3,0,
101,Naive,Employee,MCAR,0.9856334349151067,0.5,0.9927647445735585,0.6603684072765346,0.3,0,
102,KNN_hard,Employee,MCAR,0.9856334349151067,0.5,0.9927647445735585,0.6465732115025401,0.3,0,5.0
103,KNN_proba,Employee,MCAR,0.9856334349151067,0.5,0.9927647445735585,0.6460556685821703,0.3,0,5.0
104,EM,Employee,MCAR,0.9856334349151067,0.5,0.9927647445735585,0.648714768414415,0.3,0,
105,Oracle,Employee,MCAR,0.9856334349151067,0.5,0.9927647445735585,0.6833871696945901,0.3,1,
106,Naive,Employee,MCAR,0.9856334349151067,0.5,0.9927647445735585,0.6542337390393927,0.3,1,
107,KNN_hard,Employee,MCAR,0.9856334349151067,0.5,0.9927647445735585,0.6275668939096501,0.3,1,5.0
108,KNN_proba,Employee,MCAR,0.9856334349151067,0.5,0.9927647445735585,0.6295820394760324,0.3,1,5.0
109,EM,Employee,MCAR,0.9856334349151067,0.5,0.9927647445735585,0.6107274154977336,0.3,1,
110,Oracle,Employee,MCAR,0.9857764876632801,0.5,0.992837304487648,0.7017229153145357,0.3,2,
111,Naive,Employee,MCAR,0.9857764876632801,0.5,0.992837304487648,0.6980120670176198,0.3,2,
112,KNN_hard,Employee,MCAR,0.9857764876632801,0.5,0.992837304487648,0.6922204394125141,0.3,2,5.0
113,KNN_proba,Employee,MCAR,0.9857764876632801,0.5,0.992837304487648,0.6945836638542342,0.3,2,5.0
114,EM,Employee,MCAR,0.9857764876632801,0.5,0.992837304487648,0.6959658421672557,0.3,2,
115,Oracle,Employee,MCAR,0.9856313497822932,0.5,0.9927636868649953,0.6810945562234032,0.3,3,
116,Naive,Employee,MCAR,0.9856313497822932,0.5,0.9927636868649953,0.6743149355430315,0.3,3,
117,KNN_hard,Employee,MCAR,0.9856313497822932,0.5,0.9927636868649953,0.6688427493905331,0.3,3,5.0
118,KNN_proba,Employee,MCAR,0.9856313497822932,0.5,0.9927636868649953,0.6661401230684104,0.3,3,5.0
119,EM,Employee,MCAR,0.9856313497822932,0.5,0.9927636868649953,0.6678536208796848,0.3,3,
120,Oracle,Employee,MCAR,0.9856313497822932,0.5,0.9927636868649953,0.7003714066002388,0.3,4,
121,Naive,Employee,MCAR,0.9856313497822932,0.5,0.9927636868649953,0.6950479615771914,0.3,4,
122,KNN_hard,Employee,MCAR,0.9856313497822932,0.5,0.9927636868649953,0.695052423811075,0.3,4,5.0
123,KNN_proba,Employee,MCAR,0.9856313497822932,0.5,0.9927636868649953,0.6964312540810846,0.3,4,5.0
124,EM,Employee,MCAR,0.9856313497822932,0.5,0.9927636868649953,0.694225423131328,0.3,4,
125,Oracle,Employee,MAR1,0.9856334349151067,0.5,0.9927647445735585,0.6637636672972362,0.3,0,
126,Naive,Employee,MAR1,0.9856334349151067,0.5,0.9927647445735585,0.6452986877015146,0.3,0,
127,KNN_hard,Employee,MAR1,0.9856334349151067,0.5,0.9927647445735585,0.5929584418983712,0.3,0,5.0
128,KNN_proba,Employee,MAR1,0.9856334349151067,0.5,0.9927647445735585,0.6058330656387194,0.3,0,5.0
129,EM,Employee,MAR1,0.9856334349151067,0.5,0.9927647445735585,0.6431734899049387,0.3,0,
130,Oracle,Employee,MAR1,0.9856334349151067,0.5,0.9927647445735585,0.6833871696945901,0.3,1,
131,Naive,Employee,MAR1,0.9856334349151067,0.5,0.9927647445735585,0.6633041248765631,0.3,1,
132,KNN_hard,Employee,MAR1,0.9856334349151067,0.5,0.9927647445735585,0.60137000154668,0.3,1,5.0
133,KNN_proba,Employee,MAR1,0.9856334349151067,0.5,0.9927647445735585,0.657584383291097,0.3,1,5.0
134,EM,Employee,MAR1,0.9856334349151067,0.5,0.9927647445735585,0.6573598172538102,0.3,1,
135,Oracle,Employee,MAR1,0.9857764876632801,0.5,0.992837304487648,0.7017229153145357,0.3,2,
136,Naive,Employee,MAR1,0.9857764876632801,0.5,0.992837304487648,0.6967125189298334,0.3,2,
137,KNN_hard,Employee,MAR1,0.9857764876632801,0.5,0.992837304487648,0.6501195884714309,0.3,2,5.0
138,KNN_proba,Employee,MAR1,0.9857764876632801,0.5,0.992837304487648,0.6924217566885412,0.3,2,5.0
139,EM,Employee,MAR1,0.9857764876632801,0.5,0.992837304487648,0.6934613951587703,0.3,2,
140,Oracle,Employee,MAR1,0.9856313497822932,0.5,0.9927636868649953,0.6810945562234032,0.3,3,
141,Naive,Employee,MAR1,0.9856313497822932,0.5,0.9927636868649953,0.6765906748236302,0.3,3,
142,KNN_hard,Employee,MAR1,0.9856313497822932,0.5,0.9927636868649953,0.6381604292074031,0.3,3,5.0
143,KNN_proba,Employee,MAR1,0.9856313497822932,0.5,0.9927636868649953,0.6704417165321304,0.3,3,5.0
144,EM,Employee,MAR1,0.9856313497822932,0.5,0.9927636868649953,0.6768703081469978,0.3,3,
145,Oracle,Employee,MAR1,0.9856313497822932,0.5,0.9927636868649953,0.7003714066002388,0.3,4,
146,Naive,Employee,MAR1,0.9856313497822932,0.5,0.9927636868649953,0.6910185643803668,0.3,4,
147,KNN_hard,Employee,MAR1,0.9856313497822932,0.5,0.9927636868649953,0.6535833969201662,0.3,4,5.0
148,KNN_proba,Employee,MAR1,0.9856313497822932,0.5,0.9927636868649953,0.690481608903049,0.3,4,5.0
149,EM,Employee,MAR1,0.9856313497822932,0.5,0.9927636868649953,0.6879663964040345,0.3,4,
150,Oracle,Employee,MAR2,0.9856334349151067,0.5,0.9927647445735585,0.6637636672972362,0.3,0,
151,Naive,Employee,MAR2,0.9856334349151067,0.5,0.9927647445735585,0.6721484574841465,0.3,0,
152,KNN_hard,Employee,MAR2,0.9856334349151067,0.5,0.9927647445735585,0.6544047661538828,0.3,0,5.0
153,KNN_proba,Employee,MAR2,0.9856334349151067,0.5,0.9927647445735585,0.6720056870233548,0.3,0,5.0
154,EM,Employee,MAR2,0.9856334349151067,0.5,0.9927647445735585,0.6696797182662907,0.3,0,
155,Oracle,Employee,MAR2,0.9856334349151067,0.5,0.9927647445735585,0.6833871696945901,0.3,1,
156,Naive,Employee,MAR2,0.9856334349151067,0.5,0.9927647445735585,0.6449536590879347,0.3,1,
157,KNN_hard,Employee,MAR2,0.9856334349151067,0.5,0.9927647445735585,0.6189843071468513,0.3,1,5.0
158,KNN_proba,Employee,MAR2,0.9856334349151067,0.5,0.9927647445735585,0.6409293167243697,0.3,1,5.0
159,EM,Employee,MAR2,0.9856334349151067,0.5,0.9927647445735585,0.6357390155976729,0.3,1,
160,Oracle,Employee,MAR2,0.9857764876632801,0.5,0.992837304487648,0.7017229153145357,0.3,2,
161,Naive,Employee,MAR2,0.9857764876632801,0.5,0.992837304487648,0.7008034662628302,0.3,2,
162,KNN_hard,Employee,MAR2,0.9857764876632801,0.5,0.992837304487648,0.6918583687892118,0.3,2,5.0
163,KNN_proba,Employee,MAR2,0.9857764876632801,0.5,0.992837304487648,0.6981592990553112,0.3,2,5.0
164,EM,Employee,MAR2,0.9857764876632801,0.5,0.992837304487648,0.6967155236652964,0.3,2,
165,Oracle,Employee,MAR2,0.9856313497822932,0.5,0.9927636868649953,0.6810945562234032,0.3,3,
166,Naive,Employee,MAR2,0.9856313497822932,0.5,0.9927636868649953,0.6578730910935299,0.3,3,
167,KNN_hard,Employee,MAR2,0.9856313497822932,0.5,0.9927636868649953,0.642628612736108,0.3,3,5.0
168,KNN_proba,Employee,MAR2,0.9856313497822932,0.5,0.9927636868649953,0.6504925562501767,0.3,3,5.0
169,EM,Employee,MAR2,0.9856313497822932,0.5,0.9927636868649953,0.6596594720582352,0.3,3,
170,Oracle,Employee,MAR2,0.9856313497822932,0.5,0.9927636868649953,0.7003714066002388,0.3,4,
171,Naive,Employee,MAR2,0.9856313497822932,0.5,0.9927636868649953,0.6884319561392158,0.3,4,
172,KNN_hard,Employee,MAR2,0.9856313497822932,0.5,0.9927636868649953,0.6776675606008548,0.3,4,5.0
173,KNN_proba,Employee,MAR2,0.9856313497822932,0.5,0.9927636868649953,0.6840708662237156,0.3,4,5.0
174,EM,Employee,MAR2,0.9856313497822932,0.5,0.9927636868649953,0.6862618230605272,0.3,4,
175,Oracle,Employee,MNAR,0.9856334349151067,0.5,0.9927647445735585,0.6637636672972362,0.3,0,
176,Naive,Employee,MNAR,0.9856334349151067,0.5,0.9927647445735585,0.6551929780728367,0.3,0,
177,KNN_hard,Employee,MNAR,0.9856334349151067,0.5,0.9927647445735585,0.6343529523741538,0.3,0,5.0
178,KNN_proba,Employee,MNAR,0.9856334349151067,0.5,0.9927647445735585,0.6437445717481052,0.3,0,5.0
179,EM,Employee,MNAR,0.9856334349151067,0.5,0.9927647445735585,0.6521323363196154,0.3,0,
180,Oracle,Employee,MNAR,0.9856334349151067,0.5,0.9927647445735585,0.6833871696945901,0.3,1,
181,Naive,Employee,MNAR,0.9856334349151067,0.5,0.9927647445735585,0.6791903130242353,0.3,1,
182,KNN_hard,Employee,MNAR,0.9856334349151067,0.5,0.9927647445735585,0.664914754137369,0.3,1,5.0
183,KNN_proba,Employee,MNAR,0.9856334349151067,0.5,0.9927647445735585,0.6749741228539814,0.3,1,5.0
184,EM,Employee,MNAR,0.9856334349151067,0.5,0.9927647445735585,0.6756626928888413,0.3,1,
185,Oracle,Employee,MNAR,0.9857764876632801,0.5,0.992837304487648,0.7017229153145357,0.3,2,
186,Naive,Employee,MNAR,0.9857764876632801,0.5,0.992837304487648,0.7046314992428067,0.3,2,
187,KNN_hard,Employee,MNAR,0.9857764876632801,0.5,0.992837304487648,0.701078399557703,0.3,2,5.0
188,KNN_proba,Employee,MNAR,0.9857764876632801,0.5,0.992837304487648,0.7044437032763635,0.3,2,5.0
189,EM,Employee,MNAR,0.9857764876632801,0.5,0.992837304487648,0.7009206509458907,0.3,2,
190,Oracle,Employee,MNAR,0.9856313497822932,0.5,0.9927636868649953,0.6810945562234032,0.3,3,
191,Naive,Employee,MNAR,0.9856313497822932,0.5,0.9927636868649953,0.6609371583602184,0.3,3,
192,KNN_hard,Employee,MNAR,0.9856313497822932,0.5,0.9927636868649953,0.6531936951610048,0.3,3,5.0
193,KNN_proba,Employee,MNAR,0.9856313497822932,0.5,0.9927636868649953,0.6648921849923175,0.3,3,5.0
194,EM,Employee,MNAR,0.9856313497822932,0.5,0.9927636868649953,0.6641648408693026,0.3,3,
195,Oracle,Employee,MNAR,0.9856313497822932,0.5,0.9927636868649953,0.7003714066002388,0.3,4,
196,Naive,Employee,MNAR,0.9856313497822932,0.5,0.9927636868649953,0.6954049402878736,0.3,4,
197,KNN_hard,Employee,MNAR,0.9856313497822932,0.5,0.9927636868649953,0.6808327718355696,0.3,4,5.0
198,KNN_proba,Employee,MNAR,0.9856313497822932,0.5,0.9927636868649953,0.6957812553453844,0.3,4,5.0
199,EM,Employee,MNAR,0.9856313497822932,0.5,0.9927636868649953,0.6940781694131717,0.3,4,
200,Oracle,Employee,MCAR,0.9856334349151067,0.5,0.9927647445735585,0.6637636672972362,0.5,0,
201,Naive,Employee,MCAR,0.9856334349151067,0.5,0.9927647445735585,0.6702597232632568,0.5,0,
202,KNN_hard,Employee,MCAR,0.9856334349151067,0.5,0.9927647445735585,0.6064859430583811,0.5,0,5.0
203,KNN_proba,Employee,MCAR,0.9856334349151067,0.5,0.9927647445735585,0.6243233275035396,0.5,0,5.0
204,EM,Employee,MCAR,0.9856334349151067,0.5,0.9927647445735585,0.6064859430583811,0.5,0,
205,Oracle,Employee,MCAR,0.9856334349151067,0.5,0.9927647445735585,0.6833871696945901,0.5,1,
206,Naive,Employee,MCAR,0.9856334349151067,0.5,0.9927647445735585,0.6326947329597506,0.5,1,
207,KNN_hard,Employee,MCAR,0.9856334349151067,0.5,0.9927647445735585,0.6204833969851637,0.5,1,5.0
208,KNN_proba,Employee,MCAR,0.9856334349151067,0.5,0.9927647445735585,0.6032081712293726,0.5,1,5.0
209,EM,Employee,MCAR,0.9856334349151067,0.5,0.9927647445735585,0.6183819942653865,0.5,1,
210,Oracle,Employee,MCAR,0.9857764876632801,0.5,0.992837304487648,0.7017229153145357,0.5,2,
211,Naive,Employee,MCAR,0.9857764876632801,0.5,0.992837304487648,0.6972203192230957,0.5,2,
212,KNN_hard,Employee,MCAR,0.9857764876632801,0.5,0.992837304487648,0.6944244128746906,0.5,2,5.0
213,KNN_proba,Employee,MCAR,0.9857764876632801,0.5,0.992837304487648,0.6932044902766761,0.5,2,5.0
214,EM,Employee,MCAR,0.9857764876632801,0.5,0.992837304487648,0.634524260234129,0.5,2,
215,Oracle,Employee,MCAR,0.9856313497822932,0.5,0.9927636868649953,0.6810945562234032,0.5,3,
216,Naive,Employee,MCAR,0.9856313497822932,0.5,0.9927636868649953,0.6812061120704914,0.5,3,
217,KNN_hard,Employee,MCAR,0.9856313497822932,0.5,0.9927636868649953,0.6768212235742791,0.5,3,5.0
218,KNN_proba,Employee,MCAR,0.9856313497822932,0.5,0.9927636868649953,0.6754721415301594,0.5,3,5.0
219,EM,Employee,MCAR,0.9856313497822932,0.5,0.9927636868649953,0.6791267110807679,0.5,3,
220,Oracle,Employee,MCAR,0.9856313497822932,0.5,0.9927636868649953,0.7003714066002388,0.5,4,
221,Naive,Employee,MCAR,0.9856313497822932,0.5,0.9927636868649953,0.6964699267747421,0.5,4,
222,KNN_hard,Employee,MCAR,0.9856313497822932,0.5,0.9927636868649953,0.700210766180432,0.5,4,5.0
223,KNN_proba,Employee,MCAR,0.9856313497822932,0.5,0.9927636868649953,0.6954867479090716,0.5,4,5.0
224,EM,Employee,MCAR,0.9856313497822932,0.5,0.9927636868649953,0.6954807982638935,0.5,4,
225,Oracle,Employee,MAR1,0.9856334349151067,0.5,0.9927647445735585,0.6637636672972362,0.5,0,
226,Naive,Employee,MAR1,0.9856334349151067,0.5,0.9927647445735585,0.660943950696601,0.5,0,
227,KNN_hard,Employee,MAR1,0.9856334349151067,0.5,0.9927647445735585,0.5766588142913232,0.5,0,5.0
228,KNN_proba,Employee,MAR1,0.9856334349151067,0.5,0.9927647445735585,0.6490493866818956,0.5,0,5.0
229,EM,Employee,MAR1,0.9856334349151067,0.5,0.9927647445735585,0.6556376485705107,0.5,0,
230,Oracle,Employee,MAR1,0.9856334349151067,0.5,0.9927647445735585,0.6833871696945901,0.5,1,
231,Naive,Employee,MAR1,0.9856334349151067,0.5,0.9927647445735585,0.6781061498375985,0.5,1,
232,KNN_hard,Employee,MAR1,0.9856334349151067,0.5,0.9927647445735585,0.5641321935491547,0.5,1,5.0
233,KNN_proba,Employee,MAR1,0.9856334349151067,0.5,0.9927647445735585,0.6765029565382923,0.5,1,5.0
234,EM,Employee,MAR1,0.9856334349151067,0.5,0.9927647445735585,0.6656910685179236,0.5,1,
235,Oracle,Employee,MAR1,0.9857764876632801,0.5,0.992837304487648,0.7017229153145357,0.5,2,
236,Naive,Employee,MAR1,0.9857764876632801,0.5,0.992837304487648,0.6927297420735079,0.5,2,
237,KNN_hard,Employee,MAR1,0.9857764876632801,0.5,0.992837304487648,0.651364300137016,0.5,2,5.0
238,KNN_proba,Employee,MAR1,0.9857764876632801,0.5,0.992837304487648,0.6737848849787265,0.5,2,5.0
239,EM,Employee,MAR1,0.9857764876632801,0.5,0.992837304487648,0.6879567197903896,0.5,2,
240,Oracle,Employee,MAR1,0.9856313497822932,0.5,0.9927636868649953,0.6810945562234032,0.5,3,
241,Naive,Employee,MAR1,0.9856313497822932,0.5,0.9927636868649953,0.6712315319295146,0.5,3,
242,KNN_hard,Employee,MAR1,0.9856313497822932,0.5,0.9927636868649953,0.5904442748795569,0.5,3,5.0
243,KNN_proba,Employee,MAR1,0.9856313497822932,0.5,0.9927636868649953,0.650894157299694,0.5,3,5.0
244,EM,Employee,MAR1,0.9856313497822932,0.5,0.9927636868649953,0.6657682702447832,0.5,3,
245,Oracle,Employee,MAR1,0.9856313497822932,0.5,0.9927636868649953,0.7003714066002388,0.5,4,
246,Naive,Employee,MAR1,0.9856313497822932,0.5,0.9927636868649953,0.6818129758786511,0.5,4,
247,KNN_hard,Employee,MAR1,0.9856313497822932,0.5,0.9927636868649953,0.6122467496344688,0.5,4,5.0
248,KNN_proba,Employee,MAR1,0.9856313497822932,0.5,0.9927636868649953,0.6686389740431855,0.5,4,5.0
249,EM,Employee,MAR1,0.9856313497822932,0.5,0.9927636868649953,0.6795193876625183,0.5,4,
250,Oracle,Employee,MAR2,0.9856334349151067,0.5,0.9927647445735585,0.6637636672972362,0.5,0,
251,Naive,Employee,MAR2,0.9856334349151067,0.5,0.9927647445735585,0.6111839835338069,0.5,0,
252,KNN_hard,Employee,MAR2,0.9856334349151067,0.5,0.9927647445735585,0.5890382029958001,0.5,0,5.0
253,KNN_proba,Employee,MAR2,0.9856334349151067,0.5,0.9927647445735585,0.5962942142270764,0.5,0,5.0
254,EM,Employee,MAR2,0.9856334349151067,0.5,0.9927647445735585,0.6009506133181045,0.5,0,
255,Oracle,Employee,MAR2,0.9856334349151067,0.5,0.9927647445735585,0.6833871696945901,0.5,1,
256,Naive,Employee,MAR2,0.9856334349151067,0.5,0.9927647445735585,0.6527063925473819,0.5,1,
257,KNN_hard,Employee,MAR2,0.9856334349151067,0.5,0.9927647445735585,0.614366575055621,0.5,1,5.0
258,KNN_proba,Employee,MAR2,0.9856334349151067,0.5,0.9927647445735585,0.6547230253060642,0.5,1,5.0
259,EM,Employee,MAR2,0.9856334349151067,0.5,0.9927647445735585,0.6309859490071503,0.5,1,
260,Oracle,Employee,MAR2,0.9857764876632801,0.5,0.992837304487648,0.7017229153145357,0.5,2,
261,Naive,Employee,MAR2,0.9857764876632801,0.5,0.992837304487648,0.6997788514699166,0.5,2,
262,KNN_hard,Employee,MAR2,0.9857764876632801,0.5,0.992837304487648,0.640783875387611,0.5,2,5.0
263,KNN_proba,Employee,MAR2,0.9857764876632801,0.5,0.992837304487648,0.69537691401649,0.5,2,5.0
264,EM,Employee,MAR2,0.9857764876632801,0.5,0.992837304487648,0.6650020432201148,0.5,2,
265,Oracle,Employee,MAR2,0.9856313497822932,0.5,0.9927636868649953,0.6810945562234032,0.5,3,
266,Naive,Employee,MAR2,0.9856313497822932,0.5,0.9927636868649953,0.6505044555405327,0.5,3,
267,KNN_hard,Employee,MAR2,0.9856313497822932,0.5,0.9927636868649953,0.6294248626747522,0.5,3,5.0
268,KNN_proba,Employee,MAR2,0.9856313497822932,0.5,0.9927636868649953,0.6567679445017098,0.5,3,5.0
269,EM,Employee,MAR2,0.9856313497822932,0.5,0.9927636868649953,0.6547406029072941,0.5,3,
270,Oracle,Employee,MAR2,0.9856313497822932,0.5,0.9927636868649953,0.7003714066002388,0.5,4,
271,Naive,Employee,MAR2,0.9856313497822932,0.5,0.9927636868649953,0.6987218674746285,0.5,4,
272,KNN_hard,Employee,MAR2,0.9856313497822932,0.5,0.9927636868649953,0.6649814296699881,0.5,4,5.0
273,KNN_proba,Employee,MAR2,0.9856313497822932,0.5,0.9927636868649953,0.6859197184627901,0.5,4,5.0
274,EM,Employee,MAR2,0.9856313497822932,0.5,0.9927636868649953,0.6979543632466619,0.5,4,
275,Oracle,Employee,MNAR,0.9856334349151067,0.5,0.9927647445735585,0.6637636672972362,0.5,0,
276,Naive,Employee,MNAR,0.9856334349151067,0.5,0.9927647445735585,0.6535585537352322,0.5,0,
277,KNN_hard,Employee,MNAR,0.9856334349151067,0.5,0.9927647445735585,0.6436345195179117,0.5,0,5.0
278,KNN_proba,Employee,MNAR,0.9856334349151067,0.5,0.9927647445735585,0.6550621051504444,0.5,0,5.0
279,EM,Employee,MNAR,0.9856334349151067,0.5,0.9927647445735585,0.6533696803131432,0.5,0,
280,Oracle,Employee,MNAR,0.9856334349151067,0.5,0.9927647445735585,0.6833871696945901,0.5,1,
281,Naive,Employee,MNAR,0.9856334349151067,0.5,0.9927647445735585,0.6655170670188338,0.5,1,
282,KNN_hard,Employee,MNAR,0.9856334349151067,0.5,0.9927647445735585,0.6098380745023854,0.5,1,5.0
283,KNN_proba,Employee,MNAR,0.9856334349151067,0.5,0.9927647445735585,0.6751273036608726,0.5,1,5.0
284,EM,Employee,MNAR,0.9856334349151067,0.5,0.9927647445735585,0.6573776635614091,0.5,1,
285,Oracle,Employee,MNAR,0.9857764876632801,0.5,0.992837304487648,0.7017229153145357,0.5,2,
286,Naive,Employee,MNAR,0.9857764876632801,0.5,0.992837304487648,0.6994648566140238,0.5,2,
287,KNN_hard,Employee,MNAR,0.9857764876632801,0.5,0.992837304487648,0.634524260234129,0.5,2,5.0
288,KNN_proba,Employee,MNAR,0.9857764876632801,0.5,0.992837304487648,0.6988729237277951,0.5,2,5.0
289,EM,Employee,MNAR,0.9857764876632801,0.5,0.992837304487648,0.5,0.5,2,
290,Oracle,Employee,MNAR,0.9856313497822932,0.5,0.9927636868649953,0.6810945562234032,0.5,3,
291,Naive,Employee,MNAR,0.9856313497822932,0.5,0.9927636868649953,0.6656329158169829,0.5,3,
292,KNN_hard,Employee,MNAR,0.9856313497822932,0.5,0.9927636868649953,0.6389264460240752,0.5,3,5.0
293,KNN_proba,Employee,MNAR,0.9856313497822932,0.5,0.9927636868649953,0.6622207943073795,0.5,3,5.0
294,EM,Employee,MNAR,0.9856313497822932,0.5,0.9927636868649953,0.6522462141664027,0.5,3,
295,Oracle,Employee,MNAR,0.9856313497822932,0.5,0.9927636868649953,0.7003714066002388,0.5,4,
296,Naive,Employee,MNAR,0.9856313497822932,0.5,0.9927636868649953,0.6913681060345764,0.5,4,
297,KNN_hard,Employee,MNAR,0.9856313497822932,0.5,0.9927636868649953,0.6636680454969366,0.5,4,5.0
298,KNN_proba,Employee,MNAR,0.9856313497822932,0.5,0.9927636868649953,0.6823722425253864,0.5,4,5.0
299,EM,Employee,MNAR,0.9856313497822932,0.5,0.9927636868649953,0.6891845862542373,0.5,4,
300,Oracle,Employee,MCAR,0.9856334349151067,0.5,0.9927647445735585,0.6637636672972362,0.8,0,
301,Naive,Employee,MCAR,0.9856334349151067,0.5,0.9927647445735585,0.6807518649391441,0.8,0,
302,KNN_hard,Employee,MCAR,0.9856334349151067,0.5,0.9927647445735585,0.5,0.8,0,5.0
303,KNN_proba,Employee,MCAR,0.9856334349151067,0.5,0.9927647445735585,0.6064859430583811,0.8,0,5.0
304,EM,Employee,MCAR,0.9856334349151067,0.5,0.9927647445735585,0.5,0.8,0,
305,Oracle,Employee,MCAR,0.9856334349151067,0.5,0.9927647445735585,0.6833871696945901,0.8,1,
306,Naive,Employee,MCAR,0.9856334349151067,0.5,0.9927647445735585,0.590549190372512,0.8,1,
307,KNN_hard,Employee,MCAR,0.9856334349151067,0.5,0.9927647445735585,0.5734226838467121,0.8,1,5.0
308,KNN_proba,Employee,MCAR,0.9856334349151067,0.5,0.9927647445735585,0.5450173109183709,0.8,1,5.0
309,EM,Employee,MCAR,0.9856334349151067,0.5,0.9927647445735585,0.554038619409644,0.8,1,
310,Oracle,Employee,MCAR,0.9857764876632801,0.5,0.992837304487648,0.7017229153145357,0.8,2,
311,Naive,Employee,MCAR,0.9857764876632801,0.5,0.992837304487648,0.6854853248719983,0.8,2,
312,KNN_hard,Employee,MCAR,0.9857764876632801,0.5,0.992837304487648,0.5,0.8,2,5.0
313,KNN_proba,Employee,MCAR,0.9857764876632801,0.5,0.992837304487648,0.6828396552967476,0.8,2,5.0
314,EM,Employee,MCAR,0.9857764876632801,0.5,0.992837304487648,0.5,0.8,2,
315,Oracle,Employee,MCAR,0.9856313497822932,0.5,0.9927636868649953,0.6810945562234032,0.8,3,
316,Naive,Employee,MCAR,0.9856313497822932,0.5,0.9927636868649953,0.6752430801908051,0.8,3,
317,KNN_hard,Employee,MCAR,0.9856313497822932,0.5,0.9927636868649953,0.6215549695155056,0.8,3,5.0
318,KNN_proba,Employee,MCAR,0.9856313497822932,0.5,0.9927636868649953,0.6478286026217112,0.8,3,5.0
319,EM,Employee,MCAR,0.9856313497822932,0.5,0.9927636868649953,0.5,0.8,3,
320,Oracle,Employee,MCAR,0.9856313497822932,0.5,0.9927636868649953,0.7003714066002388,0.8,4,
321,Naive,Employee,MCAR,0.9856313497822932,0.5,0.9927636868649953,0.6800608053737196,0.8,4,
322,KNN_hard,Employee,MCAR,0.9856313497822932,0.5,0.9927636868649953,0.6228906648579746,0.8,4,5.0
323,KNN_proba,Employee,MCAR,0.9856313497822932,0.5,0.9927636868649953,0.6530999882494508,0.8,4,5.0
324,EM,Employee,MCAR,0.9856313497822932,0.5,0.9927636868649953,0.6342522560310809,0.8,4,
325,Oracle,Employee,MAR1,0.9856334349151067,0.5,0.9927647445735585,0.6637636672972362,0.8,0,
326,Naive,Employee,MAR1,0.9856334349151067,0.5,0.9927647445735585,0.6759958239640219,0.8,0,
327,KNN_hard,Employee,MAR1,0.9856334349151067,0.5,0.9927647445735585,0.4981395224328086,0.8,0,5.0
328,KNN_proba,Employee,MAR1,0.9856334349151067,0.5,0.9927647445735585,0.6066941499803691,0.8,0,5.0
329,EM,Employee,MAR1,0.9856334349151067,0.5,0.9927647445735585,0.6687264280020464,0.8,0,
330,Oracle,Employee,MAR1,0.9856334349151067,0.5,0.9927647445735585,0.6833871696945901,0.8,1,
331,Naive,Employee,MAR1,0.9854883180960673,0.4999263839811543,0.9926911270282123,0.6897523527382183,0.8,1,
332,KNN_hard,Employee,MAR1,0.9856334349151067,0.5,0.9927647445735585,0.456798550879823,0.8,1,5.0
333,KNN_proba,Employee,MAR1,0.9856334349151067,0.5,0.9927647445735585,0.6430678992516449,0.8,1,5.0
334,EM,Employee,MAR1,0.9856334349151067,0.5,0.9927647445735585,0.6694298699599053,0.8,1,
335,Oracle,Employee,MAR1,0.9857764876632801,0.5,0.992837304487648,0.7017229153145357,0.8,2,
336,Naive,Employee,MAR1,0.9857764876632801,0.5,0.992837304487648,0.6785909593519386,0.8,2,
337,KNN_hard,Employee,MAR1,0.9857764876632801,0.5,0.992837304487648,0.5743476719309633,0.8,2,5.0
338,KNN_proba,Employee,MAR1,0.9857764876632801,0.5,0.992837304487648,0.6255318381769669,0.8,2,5.0
339,EM,Employee,MAR1,0.9857764876632801,0.5,0.992837304487648,0.6350035155404917,0.8,2,
340,Oracle,Employee,MAR1,0.9856313497822932,0.5,0.9927636868649953,0.6810945562234032,0.8,3,
341,Naive,Employee,MAR1,0.9856313497822932,0.5,0.9927636868649953,0.6897111298524934,0.8,3,
342,KNN_hard,Employee,MAR1,0.9856313497822932,0.5,0.9927636868649953,0.6083735306235674,0.8,3,5.0
343,KNN_proba,Employee,MAR1,0.9856313497822932,0.5,0.9927636868649953,0.5940497598574465,0.8,3,5.0
344,EM,Employee,MAR1,0.9856313497822932,0.5,0.9927636868649953,0.6857635402768668,0.8,3,
345,Oracle,Employee,MAR1,0.9856313497822932,0.5,0.9927636868649953,0.7003714066002388,0.8,4,
346,Naive,Employee,MAR1,0.9856313497822932,0.5,0.9927636868649953,0.6925491106024164,0.8,4,
347,KNN_hard,Employee,MAR1,0.9856313497822932,0.5,0.9927636868649953,0.5318878670373295,0.8,4,5.0
348,KNN_proba,Employee,MAR1,0.9856313497822932,0.5,0.9927636868649953,0.6095485855462295,0.8,4,5.0
349,EM,Employee,MAR1,0.9856313497822932,0.5,0.9927636868649953,0.6947921268345358,0.8,4,
350,Oracle,Employee,MAR2,0.9856334349151067,0.5,0.9927647445735585,0.6637636672972362,0.8,0,
351,Naive,Employee,MAR2,0.9856334349151067,0.5,0.9927647445735585,0.6064859430583811,0.8,0,
352,KNN_hard,Employee,MAR2,0.9856334349151067,0.5,0.9927647445735585,0.5,0.8,0,5.0
353,KNN_proba,Employee,MAR2,0.9856334349151067,0.5,0.9927647445735585,0.5,0.8,0,5.0
354,EM,Employee,MAR2,0.9856334349151067,0.5,0.9927647445735585,0.5,0.8,0,
355,Oracle,Employee,MAR2,0.9856334349151067,0.5,0.9927647445735585,0.6833871696945901,0.8,1,
356,Naive,Employee,MAR2,0.9856334349151067,0.5,0.9927647445735585,0.6090617601218308,0.8,1,
357,KNN_hard,Employee,MAR2,0.9856334349151067,0.5,0.9927647445735585,0.5879466038476638,0.8,1,5.0
358,KNN_proba,Employee,MAR2,0.9856334349151067,0.5,0.9927647445735585,0.5934655744726416,0.8,1,5.0
359,EM,Employee,MAR2,0.9856334349151067,0.5,0.9927647445735585,0.577106459173597,0.8,1,
360,Oracle,Employee,MAR2,0.9857764876632801,0.5,0.992837304487648,0.7017229153145357,0.8,2,
361,Naive,Employee,MAR2,0.9857764876632801,0.5,0.992837304487648,0.6623518665416697,0.8,2,
362,KNN_hard,Employee,MAR2,0.9857764876632801,0.5,0.992837304487648,0.6351995745294585,0.8,2,5.0
363,KNN_proba,Employee,MAR2,0.9857764876632801,0.5,0.992837304487648,0.6413968414220812,0.8,2,5.0
364,EM,Employee,MAR2,0.9857764876632801,0.5,0.992837304487648,0.6408071620874498,0.8,2,
365,Oracle,Employee,MAR2,0.9856313497822932,0.5,0.9927636868649953,0.6810945562234032,0.8,3,
366,Naive,Employee,MAR2,0.9856313497822932,0.5,0.9927636868649953,0.6383344563288608,0.8,3,
367,KNN_hard,Employee,MAR2,0.9856313497822932,0.5,0.9927636868649953,0.609631880578722,0.8,3,5.0
368,KNN_proba,Employee,MAR2,0.9856313497822932,0.5,0.9927636868649953,0.6666964148925568,0.8,3,5.0
369,EM,Employee,MAR2,0.9856313497822932,0.5,0.9927636868649953,0.6221395221542476,0.8,3,
370,Oracle,Employee,MAR2,0.9856313497822932,0.5,0.9927636868649953,0.7003714066002388,0.8,4,
371,Naive,Employee,MAR2,0.9856313497822932,0.5,0.9927636868649953,0.645530552171695,0.8,4,
372,KNN_hard,Employee,MAR2,0.9856313497822932,0.5,0.9927636868649953,0.6061528255608655,0.8,4,5.0
373,KNN_proba,Employee,MAR2,0.9856313497822932,0.5,0.9927636868649953,0.6483819196232684,0.8,4,5.0
374,EM,Employee,MAR2,0.9856313497822932,0.5,0.9927636868649953,0.6377826267385978,0.8,4,
375,Oracle,Employee,MNAR,0.9856334349151067,0.5,0.9927647445735585,0.6637636672972362,0.8,0,
376,Naive,Employee,MNAR,0.9856334349151067,0.5,0.9927647445735585,0.6064859430583811,0.8,0,
377,KNN_hard,Employee,MNAR,0.9856334349151067,0.5,0.9927647445735585,0.5,0.8,0,5.0
378,KNN_proba,Employee,MNAR,0.9856334349151067,0.5,0.9927647445735585,0.6064859430583811,0.8,0,5.0
379,EM,Employee,MNAR,0.9856334349151067,0.5,0.9927647445735585,0.5,0.8,0,
380,Oracle,Employee,MNAR,0.9856334349151067,0.5,0.9927647445735585,0.6833871696945901,0.8,1,
381,Naive,Employee,MNAR,0.9856334349151067,0.5,0.9927647445735585,0.6212552497888187,0.8,1,
382,KNN_hard,Employee,MNAR,0.9856334349151067,0.5,0.9927647445735585,0.571934004354499,0.8,1,5.0
383,KNN_proba,Employee,MNAR,0.9856334349151067,0.5,0.9927647445735585,0.6308714352000571,0.8,1,5.0
384,EM,Employee,MNAR,0.9856334349151067,0.5,0.9927647445735585,0.5773310252108839,0.8,1,
385,Oracle,Employee,MNAR,0.9857764876632801,0.5,0.992837304487648,0.7017229153145357,0.8,2,
386,Naive,Employee,MNAR,0.9857764876632801,0.5,0.992837304487648,0.6923226004182592,0.8,2,
387,KNN_hard,Employee,MNAR,0.9857764876632801,0.5,0.992837304487648,0.5,0.8,2,5.0
388,KNN_proba,Employee,MNAR,0.9857764876632801,0.5,0.992837304487648,0.5124411071849235,0.8,2,5.0
389,EM,Employee,MNAR,0.9857764876632801,0.5,0.992837304487648,0.5,0.8,2,
390,Oracle,Employee,MNAR,0.9856313497822932,0.5,0.9927636868649953,0.6810945562234032,0.8,3,
391,Naive,Employee,MNAR,0.9856313497822932,0.5,0.9927636868649953,0.6339361811309978,0.8,3,
392,KNN_hard,Employee,MNAR,0.9856313497822932,0.5,0.9927636868649953,0.6067195292640736,0.8,3,5.0
393,KNN_proba,Employee,MNAR,0.9856313497822932,0.5,0.9927636868649953,0.6496209332315944,0.8,3,5.0
394,EM,Employee,MNAR,0.9856313497822932,0.5,0.9927636868649953,0.622640779760497,0.8,3,
395,Oracle,Employee,MNAR,0.9856313497822932,0.5,0.9927636868649953,0.7003714066002388,0.8,4,
396,Naive,Employee,MNAR,0.9856313497822932,0.5,0.9927636868649953,0.6528129178696105,0.8,4,
397,KNN_hard,Employee,MNAR,0.9856313497822932,0.5,0.9927636868649953,0.6237459263523172,0.8,4,5.0
398,KNN_proba,Employee,MNAR,0.9856313497822932,0.5,0.9927636868649953,0.6535209256457968,0.8,4,5.0
399,EM,Employee,MNAR,0.9856313497822932,0.5,0.9927636868649953,0.6572677146966648,0.8,4,
